P01|dawn_street|午前六時、街が問題の請求書を受け取る|午前六時十分、まだシャッターの閉まった商店街を清掃車がゆっくり進み、コンビニ店長は歩道を洗っている。少し離れたバス停では、一人の男性が昨夜使った毛布を畳み、開店前の街から移動しようとしている。彼が眠る場所を持たないという一つの問題が、清掃、巡回、救急、店舗対応という別々の仕事へ分裂して現れている。
P02|cost_scatter|住宅問題は消えず、別会計へ移る|公園では市の職員がごみを確認し、駅では警察官が声をかけ、病院では昨夜搬送された路上生活者が処置を受けている。これらは別の出来事に見えるが、都市全体から見れば、住宅や医療や福祉の不足が公共空間へ押し出され、異なる予算科目で支払われている同じ問題である。
P03|city_invoice|駅が寝室、救急外来がかかりつけ医になる|住む場所もトイレも荷物置き場もない状態を放置すれば、人間が生きるために必要な機能は消えず、駅、公園、コンビニ、図書館、救急外来へ移動する。住宅費として払わなかったコストは、別の組織の時間と予算へ姿を変えるだけなのである。
P04|japan_count|日本で見える路上生活は大幅に減った|厚生労働省の二〇二六年一月調査では、道路、公園、河川、駅などを生活の場所とする人が二千四百八十一人確認された。二〇〇三年の全国調査では約二万五千人だったため、可視的な路上生活は長期的には大幅に減っているが、これは路上で確認された人を数えた数字であり、あらゆる住宅不安定状態を表すものではない。
P05|thesis_city|問題は人ではなく、都市の処理方法である|今回考えるのは、ホームレス状態の人が街を貧しくするという話ではない。住居を失った状態を都市が公共空間へ放置したとき、衛生、医療、安全、商業、行政へどのようにコストが外部化され、その負担が最終的に一般市民や中間層へ戻ってくるのかという都市システムの話である。
C11|housing_box|住宅は眠る箱ではない|午前七時、男性は駅のトイレで顔を洗い、公園の水道でペットボトルへ水を入れる。住宅にはトイレ、水道、風呂、冷蔵庫、衣服や薬や書類の保管場所、雨や寒さから身体を守る私的空間が詰め込まれており、家を失うことはこれらの都市機能を一度に失うことでもある。
C12|public_spill|失われた住宅機能は公共空間へ流れ出す|人は家を失っても眠らなくなるわけではなく、排泄しなくなるわけでも、薬や荷物が不要になるわけでもない。必要は残るため、寝室は駅や公園へ、トイレは商業施設へ、荷物置き場は歩道へ移り、私的空間が担っていた機能が街の共有空間へ流れ出す。
C13|sanitation_access|不衛生なのは人ではなく、設備がない状態である|路上で暮らす人にトイレ、手洗い、シャワー、洗濯、ごみ処理へのアクセスがなければ、衛生上の問題が起きやすくなる。同じ人物でも、こうした設備がある場所へ移れば一部の問題は消えるため、不衛生さを個人の属性として説明するより、衛生インフラを欠いた環境の結果として見る必要がある。
C14|externality|外部性は本人の悪意とは無関係に発生する|都市経済学では、ある行為や状態が第三者へ費用を与えることを外部性と呼ぶ。ホームレス状態でも、本人が迷惑をかけようとしているからではなく、住宅と基礎インフラを持たないために、清掃、衛生、保管、医療といった費用が第三者へ押し出される構造が生まれる。
C15|cost_displaced|住宅費を削っても、街の支払いは消えない|都市が住宅や支援へ十分に支出しなければ、店主が掃除し、自治体が巡回し、警察が対応し、病院が治療する。その費用は消えたのではなく、住宅予算から店舗人件費、清掃費、警察費、救急医療費へ移動しただけなのである。
C21|skidrow_room|かつて安い部屋が、路上化を防いでいた|二十世紀前半のアメリカ大都市では、駅裏や工業地帯の近くに安い簡易宿泊所が密集し、日雇い労働者や単身男性が小さな部屋を借りていた。設備は粗末でも、扉を閉めて眠り、荷物を置き、雨の日に公園へ出ずに済む最低限の私的空間が存在した。
C22|redevelopment|街が美しくなるとき、安い住宅が消えることがある|戦後の都市再開発で古い宿泊所や低家賃住宅が取り壊され、オフィスや高価格住宅へ置き換わると、街並みは外見上きれいになる。しかし低所得者そのものが消えるわけではなく、住める場所だけが減れば、住宅問題は別の場所へ押し出される。
C23|displacement_map|追い出す政策は問題の座標を変える|公園から人を移動させれば駅へ、駅から移動させれば河川敷へ、ある地区から排除すれば隣の地区へ移る。住宅を提供しないまま場所だけを変える政策は、都市全体のコストを減らさず、問題の位置を変えているにすぎない場合がある。
C24|japan_history|日本の路上生活者は制度とともに減ってきた|日本では一九九〇年代から二〇〇〇年代初頭に路上生活者の増加が社会問題となり、二〇〇二年にホームレス自立支援法が成立した。その後、自立支援センターや生活困窮者支援などが整備され、可視的な路上生活者数は長期的に大きく減少してきた。
C25|policy_nature|ホームレスは都市に固定された自然現象ではない|二〇〇三年には約二万五千人確認されていた路上生活者が、二〇二六年には二千四百八十一人まで減ったという変化は重要である。ホームレス状態の規模は天候のように受け入れるしかないものではなく、住宅、雇用、福祉、支援制度の設計によって増減する社会的な現象なのである。
C31|night_alley|夜の街で「治安が悪そうだ」と感じる瞬間|午後十一時四十分、繁華街の裏通りを会社員が歩き、少し離れた場所では一人の男性が段ボールの上で眠っている。実際の犯罪が起きていなくても、人はその光景から治安への不安を感じることがあり、街の経済には犯罪率だけでなく安全だと感じられるかという主観も影響する。
C32|perception_loop|人通りが減ると、さらに安全感が下がる|夜間に危険そうだと感じる人が別の道を選び、店への立ち寄りが減れば、人通りと商業活動が少しずつ弱くなる可能性がある。人目が減ることでさらに不安を感じやすくなるという循環が起きるため、公共空間の安心感は都市経済の一部でもある。
C33|victimization|しかし路上生活者自身が犯罪被害を受けやすい|犯罪学のデータを見ると、ホームレス状態の人は加害者としてだけでなく、犯罪被害者として高いリスクにさらされている。デンマークの全国データを用いた研究では、ホームレス施設利用経験者は一般人口より暴力犯罪の被害率が大きく高く、特に女性で高いリスクが報告された。
C34|housing_defense|住宅は防犯設備でもある|家があれば危険を感じたときに扉を閉め、財布や荷物を置き、夜になれば私有空間へ退避できる。路上生活では眠っている間も身体と持ち物が公共空間へ露出するため、住宅を失うことは防犯インフラを失うことでもある。
C35|police_burden|住宅の欠如が警察へ仕事を移す|路上で盗難、暴力、精神的危機、住民とのトラブルが起きれば、警察が対応することになる。ホームレスの人を犯罪者とみなすのではなく、住宅という防犯インフラから外れた人が増えることで、警察が福祉や精神医療との接続まで担う状況が増えると考えた方が構造を理解しやすい。
C41|wound|小さな傷が救急医療へ変わるまで|公園のベンチに座る男性の足には、数日前の靴ずれからできた小さな傷がある。家があれば洗って休める程度の傷でも、毎日歩き、靴を脱ぐ部屋もなく、清潔に保つ場所もなければ悪化し、やがて歩けなくなって救急搬送されることがある。
C42|exposure|住宅のない生活は、身体を環境へ露出させる|暑さ、寒さ、雨、睡眠不足、暴力、衛生設備の不足へ毎日さらされる生活は、慢性疾患や精神的不調を悪化させやすい。住宅は健康を直接治療する薬ではないが、身体を危険な環境から切り離し、治療を継続できる基盤になる。
C43|emergency|予防できた問題が、高コストな入口へ流れる|通常なら診療所で治療できた問題が救急外来へ行き、軽い感染症が入院へ進み、精神的不調が危機になるまで支援につながらなければ警察や救急が介入する。住宅のない状態では、治療のタイミングが遅れ、高コストなサービスから医療へ入るケースが増えやすい。
C44|hospital_cycle|退院しても戻る場所がなければ治療は循環する|病院で治療を受けても、退院後に路上へ戻れば薬の管理や安静が難しく、同じ問題が再発することがある。救急外来、入院、退院、再び路上という循環は、本人の健康だけでなく病院と救急隊の時間も継続的に消費する。
C45|cost_shift_health|ホームレス放置は無料ではない|住宅を提供すれば医療費が必ず下がるわけではなく、支援へ接続されることで新たな医療利用が生まれる場合もある。しかし逆に、路上生活を放置すれば費用がゼロになるわけでもなく、救急車、病院、警察、シェルター、清掃といった別の支出としてすでに都市は費用を払っている。
C51|plaza|公共空間は街の経済装置である|昼十二時、中心街の広場では会社員が昼食を食べ、観光客が休憩し、近くのカフェへ人が流れている。公園や広場や駅前は単なる余白ではなく、人が歩き、滞在し、買い物し、交通を利用することで商業活動を接続する共有インフラである。
C52|downtown_magnet|ホームレス状態の人が中心街へ集まるのには理由がある|中心街には駅、バス、図書館、公園、病院、福祉施設、炊き出し、トイレが集中している。ホームレス状態の人が中心部へ集まるのは、そこが生きるために必要なサービスへアクセスしやすいからであり、会社員や観光客が便利な中心街を選ぶのと同じ都市集積の力が働いている。
C53|management_cost|住宅問題を公共空間へ置くと、管理コストが増える|十分な住宅と衛生設備がなければ、公園が寝室になり、歩道が荷物置き場になり、商業施設のトイレへ需要が集中する。店員の清掃、民間警備、自治体の巡回、駅員や図書館職員の対応といった管理コストが、ホームレス政策とは別の予算と労働時間に薄く広がる。
C54|worker_time|失われるのは税金だけではなく、人間の時間である|本来なら商品を並べていた店員が清掃をし、本来なら交通整理をしていた警察官が福祉対応をし、本来なら通常診療へ使えた救急外来が予防可能だった危機対応へ使われる。こうした時間は生産性を生む仕事から対応コストへ移っている。
C55|urban_productivity|都市の非効率は、小さな摩擦の合計として現れる|ホームレス状態の人が一人増えれば店舗売上が何％下がると単純に言えるわけではなく、中心街の衰退には家賃、リモートワーク、犯罪、交通など多くの要因がある。それでも、住宅問題を公共空間へ放置すれば、本来は不要だった管理摩擦を自治体と企業が負担し、都市全体の効率を少しずつ落とすことは理解できる。
C61|key_room|鍵を渡すと、街に散らばっていた機能が一部戻る|夜七時、一人の男性が小さなアパートの鍵を受け取り、初めて荷物を床へ置く。ベッド、机、冷蔵庫、トイレ、シャワーしかない部屋でも、荷物の保管、睡眠、衛生、雨風からの保護という機能が公共空間から私的空間へ戻る。
C62|housingfirst_order|Housing Firstは支援の順番を変える|従来型支援では、治療、就労、規則遵守などを先に求め、その先に住宅を置くことが多かった。Housing Firstはまず住宅を安定させ、その上で精神医療、依存症治療、就労、生活支援へつなげるため、住まいを支援のゴールではなく土台として扱う。
C63|evidence_housing|研究でもっとも一貫しているのは住宅の安定である|ランダム化比較試験やシステマティックレビューでは、Housing Firstは通常支援より住宅を維持できる期間を大きく伸ばすことが比較的一貫して確認されている。救急外来や入院利用が減る研究もあるが、すべての健康指標や費用が同じ方向へ動くわけではない。
C64|cost_tradeoff|住宅はタダではないが、路上生活もタダではない|Housing Firstには家賃も支援員も必要であり、厳密な費用研究では総費用を完全に回収できないケースもある。比較すべきなのは住宅へ金を使うか使わないかではなく、住宅と支援へ計画的に払うか、救急、警察、シェルター、清掃、危機対応へ断片的に払い続けるかである。
C65|function_restore|都市機能を本来あるべき場所へ戻す|Housing Firstの都市経済的な意味は、街へ散らばっていた問題を私的空間と専門サービスの中へ戻すことにある。トイレは住宅へ、睡眠は住宅へ、荷物保管も住宅へ戻り、医療や福祉は路上で人を探すより固定された住所へ接続しやすくなる。
E01|morning_return|翌朝、街の使われ方が変わる|翌朝六時十分、商店街のコンビニ店長は歩道を洗うのではなく、すぐに商品の品出しを始め、市の清掃車は別の通りへ向かう。昨日までバス停で眠っていた男性は小さな部屋のベッドで目を覚まし、彼が生きるために必要だった機能の一部が街中へ散乱しなくなっている。
E02|connected_budget|助ける側と助けられる側は同じ予算でつながっている|ホームレス支援へ税金を使えば、自分のお金が誰かへ渡るように見えるが、支援を削っても問題が残れば救急、警察、公園清掃、シェルター、商店の管理コストとして別の請求書が届く。都市に住む限り、同じ駅、病院、警察、公共空間、自治体予算を使っているため、完全には切り離せない。
E03|floor_hole|街の底に開いた穴を放置しない|ホームレス問題とは、街の一番下にいる少数の人だけの問題ではなく、都市という建物の床に開いた穴に近い。最初に落ちるのは穴の近くにいる人だが、塞がずに広げ続ければ商店も病院も行政も周囲の住民も少しずつ足場を失うため、街全体を豊かにしたいなら最も高いビルより先に、床が抜けていないかを見る必要がある。